name,pred,time
0,0.004946877077250469,20241106-101714
1,0.003612403867793765,20241106-101716
2,0.004139693696565253,20241106-101718
3,0.0037440767744144404,20241106-101720
4,0.004216175840664915,20241106-101722
5,0.002839842798951497,20241106-101724
